image,genre
image_00093.jpg,HOUSE
image_00154.jpg,CINEMATIC
image_00161.jpg,EDM_DROP
image_00191.jpg,HOUSE
image_00198.jpg,CINEMATIC
image_00204.jpg,HOUSE
image_00238.jpg,EDM_DROP
image_00242.jpg,CINEMATIC
image_00243.jpg,HOUSE
image_00245.jpg,EDM_CHILL
image_00249.jpg,RETROWAVE
image_00254.jpg,HOUSE
image_00258.jpg,HOUSE
image_00267.jpg,RETROWAVE
image_00282.jpg,CINEMATIC
image_00287.jpg,CINEMATIC
image_00297.jpg,RETROWAVE
image_00300.jpg,HOUSE
image_00318.jpg,CINEMATIC
image_00331.jpg,HOUSE
image_00336.jpg,HOUSE
image_00353.jpg,EDM_CHILL
image_00372.jpg,CINEMATIC
image_00384.jpg,CINEMATIC
image_00386.jpg,HOUSE
image_00400.jpg,CINEMATIC
image_00423.jpg,HOUSE
image_00480.jpg,HOUSE
image_00483.jpg,EDM_DROP
image_00484.jpg,CINEMATIC
image_00508.jpg,CINEMATIC
image_00530.jpg,EDM_DROP
image_00546.jpg,HOUSE
image_00561.jpg,HOUSE
image_00591.jpg,EDM_DROP
image_00618.jpg,HOUSE
image_00623.jpg,CINEMATIC
image_00676.jpg,HOUSE
image_00682.jpg,HOUSE
image_00689.jpg,CINEMATIC
image_00737.jpg,CINEMATIC
image_00741.jpg,CINEMATIC
image_00770.jpg,EDM_CHILL
image_00844.jpg,HOUSE
image_00880.jpg,CINEMATIC
image_00894.jpg,HOUSE
image_00906.jpg,EDM_CHILL
image_00915.jpg,CINEMATIC
image_00986.jpg,CINEMATIC
image_01000.jpg,CINEMATIC
image_01015.jpg,CINEMATIC
image_01018.jpg,EDM_DROP
image_01106.jpg,HOUSE
image_01139.jpg,HOUSE
image_01141.jpg,EDM_CHILL
image_01166.jpg,HOUSE
image_01178.jpg,CINEMATIC
image_01180.jpg,CINEMATIC
image_01187.jpg,EDM_CHILL
image_01228.jpg,CINEMATIC
image_01230.jpg,HOUSE
image_01264.jpg,CINEMATIC
image_01269.jpg,HOUSE
image_01286.jpg,HOUSE
image_01287.jpg,HOUSE
image_01327.jpg,HOUSE
image_01394.jpg,EDM_CHILL
image_01402.jpg,HOUSE
image_01407.jpg,HOUSE
image_01422.jpg,CINEMATIC
image_01435.jpg,CINEMATIC
image_01456.jpg,CINEMATIC
image_01482.jpg,CINEMATIC
image_01498.jpg,CINEMATIC
image_01526.jpg,CINEMATIC
image_01581.jpg,EDM_DROP
image_01602.jpg,EDM_DROP
image_01618.jpg,CINEMATIC
image_01625.jpg,HOUSE
image_01630.jpg,CINEMATIC
image_01646.jpg,HOUSE
image_01713.jpg,CINEMATIC
image_01717.jpg,CINEMATIC
image_01728.jpg,HOUSE
image_01739.jpg,CINEMATIC
image_01752.jpg,EDM_DROP
image_01764.jpg,CINEMATIC
image_01777.jpg,EDM_CHILL
image_01826.jpg,EDM_DROP
image_01839.jpg,CINEMATIC
image_01840.jpg,EDM_DROP
image_01857.jpg,CINEMATIC
image_01869.jpg,CINEMATIC
image_01892.jpg,CINEMATIC
image_01908.jpg,RETROWAVE
image_01942.jpg,EDM_CHILL
image_02003.jpg,CINEMATIC
image_02023.jpg,CINEMATIC
image_02028.jpg,CINEMATIC
image_02034.jpg,CINEMATIC
image_02035.jpg,CINEMATIC
image_02079.jpg,EDM_DROP
image_02097.jpg,HOUSE
image_02152.jpg,HOUSE
image_02178.jpg,CINEMATIC
image_02195.jpg,CINEMATIC
image_02215.jpg,EDM_CHILL
image_02244.jpg,HOUSE
image_02251.jpg,CINEMATIC
image_02254.jpg,HOUSE
image_02258.jpg,EDM_CHILL
image_02281.jpg,CINEMATIC
image_02286.jpg,CINEMATIC
image_02295.jpg,HOUSE
image_02312.jpg,HOUSE
image_02317.jpg,CINEMATIC
image_02339.jpg,HOUSE
image_02340.jpg,CINEMATIC
image_02348.jpg,CINEMATIC
image_02353.jpg,EDM_DROP
image_02364.jpg,CINEMATIC
image_02368.jpg,HOUSE
image_02376.jpg,CINEMATIC
image_02383.jpg,EDM_CHILL
image_02388.jpg,EDM_DROP
image_02399.jpg,HOUSE
image_02435.jpg,HOUSE
image_02495.jpg,EDM_CHILL
image_02503.jpg,CINEMATIC
image_02536.jpg,CINEMATIC
image_02570.jpg,CINEMATIC
image_02584.jpg,CINEMATIC
image_02617.jpg,EDM_DROP
image_02651.jpg,RETROWAVE
image_02667.jpg,EDM_CHILL
image_02721.jpg,EDM_CHILL
image_02738.jpg,HOUSE
image_02739.jpg,CINEMATIC
image_02787.jpg,HOUSE
image_02791.jpg,CINEMATIC
image_02794.jpg,HOUSE
image_02848.jpg,EDM_DROP
image_02856.jpg,HOUSE
image_02864.jpg,EDM_CHILL
image_02874.jpg,CINEMATIC
image_02894.jpg,HOUSE
image_02917.jpg,EDM_CHILL
image_02936.jpg,CINEMATIC
image_02988.jpg,CINEMATIC
image_02995.jpg,HOUSE
